cart_id,product_id,quantity,added_to_cart_date
1,B075K76YW1,3,2025-03-30
1,B099FDW2ZF,3,2025-03-30
1,B00LY1FN1K,3,2025-03-30
1,B0B54Y2SNX,2,2025-03-30
1,B08S7V8YTN,1,2025-03-30
2,B09GFLXVH9,5,2025-03-30
2,B00LZLQ624,5,2025-03-30
3,B07ZR4S1G4,1,2025-03-30
3,B0B4F2ZWL3,2,2025-03-30
3,B07VJ9ZTXS,5,2025-03-30
3,B00LZLQ624,4,2025-03-30
3,B08CKW1KH9,1,2025-03-30
4,B094QZLJQ6,2,2025-03-30
4,B01IBRHE3E,4,2025-03-30
4,B09KLVMZ3B,5,2025-03-30
4,B0B3CPQ5PF,2,2025-03-30
5,B07B275VN9,5,2025-03-30
5,B0B8CHJLWJ,4,2025-03-30
5,B009LJ2BXA,3,2025-03-30
6,B09CMP1SC8,4,2025-03-30
6,B0BN2576GQ,1,2025-03-30
7,B0B7DHSKS7,2,2025-03-30
7,B00UGZWM2I,1,2025-03-30
8,B0B3XXSB1K,4,2025-03-30
8,B09L835C3V,2,2025-03-30
8,B08YDFX7Y1,1,2025-03-30
8,B00LOD70SC,5,2025-03-30
9,B0BL3R4RGS,5,2025-03-30
9,B0819HZPXL,2,2025-03-30
9,B0B8SSZ76F,5,2025-03-30
9,B094JNXNPV,4,2025-03-30
10,B0B935YNR7,3,2025-03-30
10,B0763K5HLQ,2,2025-03-30
11,B08CGW4GYR,5,2025-03-30
11,B0B94JPY2N,4,2025-03-30
11,B08WRKSF9D,1,2025-03-30
11,B08FYB5HHK,2,2025-03-30
12,B014SZPBM4,5,2025-03-30
12,B08GSQXLJ2,2,2025-03-30
12,B0836JGZ74,3,2025-03-30
13,B0B53QLB9H,3,2025-03-30
13,B083RC4WFJ,4,2025-03-30
13,B0B3G5XZN5,5,2025-03-30
13,B0836JGZ74,1,2025-03-30
13,B0BMM7R92G,1,2025-03-30
14,B00GGGOYEU,1,2025-03-30
14,B00LZLQ624,4,2025-03-30
15,B09FHHTL8L,1,2025-03-30
15,B09YV4MW2T,4,2025-03-30
15,B09MKG4ZCM,1,2025-03-30
16,B08WRWPM22,3,2025-03-30
16,B071VMP1Z4,2,2025-03-30
16,B07RY2X9MP,3,2025-03-30
16,B0B65MJ45G,3,2025-03-30
17,B0B3RS9DNF,3,2025-03-30
17,B0B12K5BPM,3,2025-03-30
17,B00NH12R1O,2,2025-03-30
17,B0981XSZJ7,5,2025-03-30
17,B0B244R4KB,5,2025-03-30
18,B09T3H12GV,1,2025-03-30
18,B00HZIOGXW,5,2025-03-30
18,B0BP7XLX48,4,2025-03-30
19,B078JDNZJ8,1,2025-03-30
19,B09MY4W73Q,5,2025-03-30
19,B0BNDGL26T,1,2025-03-30
20,B0819HZPXL,3,2025-03-30
20,B07D2NMTTV,1,2025-03-30
20,B0763K5HLQ,2,2025-03-30
20,B084BR3QX8,4,2025-03-30
20,B00DJ5N9VK,1,2025-03-30
21,B078KRFWQB,5,2025-03-30
21,B0162LYSFS,1,2025-03-30
21,B09BVCVTBC,3,2025-03-30
21,B0B8ZM9RVV,1,2025-03-30
21,B08L7J3T31,1,2025-03-30
22,B08FY4FG5X,2,2025-03-30
22,B0747VDH9L,5,2025-03-30
22,B09HK9JH4F,1,2025-03-30
23,B0B2DD66GS,1,2025-03-30
23,B097JVLW3L,1,2025-03-30
23,B09MM6P76N,4,2025-03-30
24,B00SH18114,5,2025-03-30
24,B0B97D658R,2,2025-03-30
24,B07JB2Y4SR,1,2025-03-30
25,B07TC9F7PN,5,2025-03-30
25,B00SH18114,3,2025-03-30
25,B0B9XLX8VR,4,2025-03-30
25,B0B9BD2YL4,3,2025-03-30
25,B092BL5DCX,2,2025-03-30
26,B0798PJPCL,3,2025-03-30
26,B08S7V8YTN,5,2025-03-30
27,B08HLC7Z3G,5,2025-03-30
27,B09YV4MW2T,4,2025-03-30
27,B08S7V8YTN,4,2025-03-30
28,B00P93X6EK,1,2025-03-30
28,B08CNLYKW5,4,2025-03-30
29,B08XLR6DSB,3,2025-03-30
29,B09NL7LBWT,4,2025-03-30
29,B008P7IF02,4,2025-03-30
29,B07ZR4S1G4,3,2025-03-30
30,B084BR3QX8,3,2025-03-30
30,B0B31BYXQQ,4,2025-03-30
30,B0B2CWRDB1,5,2025-03-30
31,B08S7V8YTN,1,2025-03-30
31,B09Q5P2MT3,1,2025-03-30
32,B01I1LDZGA,5,2025-03-30
32,B0B8VQ7KDS,4,2025-03-30
33,B09G5TSGXV,2,2025-03-30
33,B08XLR6DSB,1,2025-03-30
33,B085CZ3SR1,1,2025-03-30
33,B08RHPDNVV,2,2025-03-30
34,B09JN37WBX,4,2025-03-30
34,B0BC8BQ432,5,2025-03-30
34,B0B3MMYHYW,5,2025-03-30
34,B0763K5HLQ,2,2025-03-30
35,B098LCVYPW,3,2025-03-30
35,B07JB2Y4SR,1,2025-03-30
35,B095244Q22,4,2025-03-30
35,B07JPJJZ2H,3,2025-03-30
35,B0B3G5XZN5,2,2025-03-30
36,B075ZTJ9XR,1,2025-03-30
36,B00TDD0YM4,5,2025-03-30
36,B08VF8V79P,4,2025-03-30
37,B09SDDQQKP,2,2025-03-30
37,B071113J7M,4,2025-03-30
37,B072J83V9W,2,2025-03-30
37,B0BBN4DZBD,5,2025-03-30
38,B0978V2CP6,5,2025-03-30
38,B08VJFYH6N,1,2025-03-30
38,B0B5LVS732,4,2025-03-30
39,B00H3H03Q4,1,2025-03-30
39,B08GJ57MKL,1,2025-03-30
39,B08KS2KQTK,5,2025-03-30
39,B0B3RRWSF6,2,2025-03-30
39,B08XNL93PL,2,2025-03-30
40,B08G43CCLC,1,2025-03-30
40,B009DA69W6,1,2025-03-30
40,B0BDZWMGZ1,4,2025-03-30
40,B07YFWVRCM,4,2025-03-30
41,B01N1XVVLC,4,2025-03-30
41,B07GVR9TG7,5,2025-03-30
41,B07YL54NVJ,4,2025-03-30
42,B00KRCBA6E,5,2025-03-30
42,B07WVQG8WZ,2,2025-03-30
42,B09SDDQQKP,2,2025-03-30
43,B09C6HWG18,4,2025-03-30
43,B015OW3M1W,3,2025-03-30
44,B0752LL57V,1,2025-03-30
44,B09XXZXQC1,2,2025-03-30
45,B09GFPVD9Y,2,2025-03-30
45,B0BDZWMGZ1,1,2025-03-30
46,B08L5HMJVW,5,2025-03-30
46,B09MY4W73Q,2,2025-03-30
46,B075JJ5NQC,1,2025-03-30
46,B0994GP1CX,4,2025-03-30
46,B09474JWN6,3,2025-03-30
47,B0B19VJXQZ,3,2025-03-30
47,B07R99NBVB,2,2025-03-30
47,B07GXHC691,5,2025-03-30
47,B00OFM6PEO,2,2025-03-30
48,B07D2NMTTV,2,2025-03-30
48,B09T3KB6JZ,4,2025-03-30
48,B09MY4W73Q,5,2025-03-30
48,B097JQ1J5G,1,2025-03-30
49,B097JQ1J5G,1,2025-03-30
49,B0B4F4QZ1H,5,2025-03-30
49,B07MKMFKPG,5,2025-03-30
49,B07GLS2563,2,2025-03-30
50,B01M69WCZ6,3,2025-03-30
50,B00LM4X3XE,4,2025-03-30
50,B07PFJ5VQD,3,2025-03-30
50,B0BJYSCWFQ,4,2025-03-30
50,B0B4F2TTTS,3,2025-03-30
51,B00SH18114,3,2025-03-30
51,B09NBZ36F7,3,2025-03-30
51,B00TDD0YM4,3,2025-03-30
51,B00HZIOGXW,4,2025-03-30
51,B07GPXXNNG,5,2025-03-30
52,B0BNLFQDG2,5,2025-03-30
52,B08D9MNH4B,3,2025-03-30
52,B08LT9BMPP,3,2025-03-30
52,B09MM6P76N,3,2025-03-30
52,B01KCSGBU2,4,2025-03-30
53,B08JKPVDKL,2,2025-03-30
53,B00BN5SNF0,4,2025-03-30
53,B09QS9X9L8,1,2025-03-30
54,B08VF8V79P,5,2025-03-30
54,B00GGGOYEU,3,2025-03-30
54,B0B4T8RSJ1,1,2025-03-30
54,B07DWFX9YS,2,2025-03-30
54,B07GVR9TG7,3,2025-03-30
55,B09FFK1PQG,1,2025-03-30
55,B09V2Q4QVQ,4,2025-03-30
55,B08RP2L2NL,1,2025-03-30
56,B08R69WBN7,2,2025-03-30
56,B09P22HXH6,3,2025-03-30
56,B0B3RRWSF6,5,2025-03-30
56,B08QDPB1SL,3,2025-03-30
56,B08CFCK6CW,2,2025-03-30
57,B0B14MR9L1,1,2025-03-30
57,B07CD2BN46,4,2025-03-30
57,B0B3X2BY3M,5,2025-03-30
58,B08461VC1Z,2,2025-03-30
58,B0BNDD9TN6,2,2025-03-30
59,B00YQLG7GK,2,2025-03-30
59,B08FTFXNNB,3,2025-03-30
59,B00935MD1C,2,2025-03-30
59,B0BQ3K23Y1,5,2025-03-30
60,B0B3X2BY3M,5,2025-03-30
60,B077Z65HSD,1,2025-03-30
60,B07MDRGHWQ,4,2025-03-30
60,B09QGZFBPM,3,2025-03-30
61,B00MUTWLW4,3,2025-03-30
61,B0B2CPVXHX,1,2025-03-30
62,B07KCMR8D6,3,2025-03-30
62,B01EZ0X3L8,5,2025-03-30
62,B07WDK3ZS6,4,2025-03-30
62,B09Q5P2MT3,5,2025-03-30
63,B07DGD4Z4C,1,2025-03-30
63,B07GMFY9QM,1,2025-03-30
63,B07L3NDN24,3,2025-03-30
63,B0BMGB2TPR,1,2025-03-30
64,B092BL5DCX,3,2025-03-30
64,B083P71WKK,2,2025-03-30
64,B094QZLJQ6,2,2025-03-30
64,B09PNR6F8Q,5,2025-03-30
64,B08KHM9VBJ,4,2025-03-30
65,B07F366Z51,1,2025-03-30
65,B08MTCKDYN,4,2025-03-30
65,B095244Q22,5,2025-03-30
65,B0BK1K598K,3,2025-03-30
65,B00E9G8KOY,2,2025-03-30
66,B086PXQ2R4,5,2025-03-30
66,B0B9LDCX89,4,2025-03-30
66,B09F6D21BY,4,2025-03-30
67,B08TGG316Z,4,2025-03-30
67,B0B97D658R,3,2025-03-30
67,B07MDRGHWQ,4,2025-03-30
67,B086GVRP63,1,2025-03-30
68,B092BL5DCX,3,2025-03-30
68,B071SDRGWL,5,2025-03-30
68,B09Q8HMKZX,2,2025-03-30
68,B09CTWFV5W,3,2025-03-30
69,B07GMFY9QM,3,2025-03-30
69,B0B53QFZPY,3,2025-03-30
69,B0B4DT8MKT,4,2025-03-30
70,B09BF8JBWX,1,2025-03-30
70,B07WDK3ZS6,1,2025-03-30
70,B08QSC1XY8,5,2025-03-30
70,B0BDS8MY8J,2,2025-03-30
70,B09GFLXVH9,4,2025-03-30
71,B07P1BR7L8,3,2025-03-30
71,B09YV463SW,5,2025-03-30
71,B08KS2KQTK,4,2025-03-30
72,B0994GP1CX,2,2025-03-30
72,B00A328ENA,4,2025-03-30
73,B01J8S6X2I,5,2025-03-30
73,B00E9G8KOY,4,2025-03-30
73,B0BMVWKZ8G,4,2025-03-30
73,B08B6XWQ1C,4,2025-03-30
74,B077T3BG5L,3,2025-03-30
74,B07WGPKMP5,3,2025-03-30
74,B09L835C3V,4,2025-03-30
74,B00YQLG7GK,5,2025-03-30
75,B07WHQWXL7,5,2025-03-30
75,B0B6F8HHR6,4,2025-03-30
75,B08HLC7Z3G,5,2025-03-30
76,B092JHPL72,2,2025-03-30
76,B0B2CPVXHX,2,2025-03-30
76,B08QW937WV,1,2025-03-30
77,B07MSLTW8Z,2,2025-03-30
77,B08L5HMJVW,3,2025-03-30
77,B09474JWN6,4,2025-03-30
78,B09Z6WH2N1,2,2025-03-30
78,B00NM6MO26,5,2025-03-30
78,B094JB13XL,2,2025-03-30
78,B012MQS060,3,2025-03-30
78,B08Y5KXR6Z,3,2025-03-30
79,B0B5LVS732,2,2025-03-30
79,B08WD18LJZ,1,2025-03-30
79,B0BJYSCWFQ,5,2025-03-30
79,B08B6XWQ1C,5,2025-03-30
80,B08KHM9VBJ,3,2025-03-30
80,B0B31BYXQQ,3,2025-03-30
81,B07DJLFMPS,3,2025-03-30
81,B071113J7M,1,2025-03-30
82,B0B2CZTCL2,3,2025-03-30
82,B0BL11S5QK,2,2025-03-30
82,B097R2V1W8,1,2025-03-30
82,B07DGD4Z4C,5,2025-03-30
83,B08RZ12GKR,1,2025-03-30
83,B009LJ2BXA,4,2025-03-30
83,B00SH18114,4,2025-03-30
83,B008FWZGSG,5,2025-03-30
83,B01M4GGIVU,5,2025-03-30
84,B0763K5HLQ,5,2025-03-30
84,B08HV83HL3,3,2025-03-30
85,B0989W6J2F,3,2025-03-30
85,B09LMMFW3S,4,2025-03-30
85,B0BHYJ8CVF,2,2025-03-30
85,B01KCSGBU2,1,2025-03-30
85,B06XDKWLJH,4,2025-03-30
86,B07WHQBZLS,3,2025-03-30
86,B0BF563HB4,5,2025-03-30
86,B09VPH38JS,3,2025-03-30
86,B09HN7LD5L,4,2025-03-30
86,B08VGM3YMF,2,2025-03-30
87,B08YRMBK9R,4,2025-03-30
87,B08DPLCM6T,1,2025-03-30
87,B0BNDD9TN6,5,2025-03-30
87,B08H6B3G96,4,2025-03-30
88,B09SFRNKSR,2,2025-03-30
88,B09XB7DPW1,3,2025-03-30
88,B0B3G5XZN5,2,2025-03-30
88,B0B4T8RSJ1,1,2025-03-30
88,B01EZ0X3L8,3,2025-03-30
89,B081B1JL35,4,2025-03-30
89,B0BN6M3TCM,2,2025-03-30
89,B07JF9B592,2,2025-03-30
89,B09GFLXVH9,4,2025-03-30
90,B00P93X6EK,1,2025-03-30
90,B00S9BSJC8,1,2025-03-30
90,B07MSLTW8Z,1,2025-03-30
90,B0B61GCHC1,1,2025-03-30
91,B07J9KXQCC,2,2025-03-30
91,B09MY4W73Q,5,2025-03-30
91,B00TDD0YM4,2,2025-03-30
91,B07WHQBZLS,5,2025-03-30
92,B00P93X6EK,5,2025-03-30
92,B09P22HXH6,4,2025-03-30
92,B09XXZXQC1,2,2025-03-30
92,B07Z1Z77ZZ,2,2025-03-30
92,B07KCMR8D6,3,2025-03-30
93,B08WKCTFF3,2,2025-03-30
93,B0B94JPY2N,2,2025-03-30
93,B00935MGHS,4,2025-03-30
93,B09NY6TRXG,3,2025-03-30
93,B008P7IF02,4,2025-03-30
94,B0BMTZ4T1D,3,2025-03-30
94,B0B6F98KJJ,1,2025-03-30
95,B07DWFX9YS,1,2025-03-30
95,B0BHZCNC4P,1,2025-03-30
95,B008YW3CYM,2,2025-03-30
96,B09H34V36W,5,2025-03-30
96,B08CHZ3ZQ7,1,2025-03-30
96,B09XB7DPW1,4,2025-03-30
96,B08TTRVWKY,2,2025-03-30
96,B09YDFDVNS,3,2025-03-30
97,B08FGNPQ9X,5,2025-03-30
97,B009VCGPSY,4,2025-03-30
97,B094JB13XL,2,2025-03-30
97,B075K76YW1,4,2025-03-30
98,B07GPXXNNG,2,2025-03-30
98,B09NL4DJ2Z,4,2025-03-30
98,B00KRCBA6E,3,2025-03-30
99,B077Z65HSD,5,2025-03-30
99,B0B3JSWG81,5,2025-03-30
99,B0B94JPY2N,3,2025-03-30
99,B09LHYZ3GJ,3,2025-03-30
99,B078KRFWQB,3,2025-03-30
100,B0BDRVFDKP,5,2025-03-30
100,B09LRZYBH1,2,2025-03-30
101,B0B9XN9S3W,4,2025-03-30
101,B0814P4L98,5,2025-03-30
101,B0B4F3QNDM,3,2025-03-30
102,B09T2S8X9C,2,2025-03-30
102,B08CHZ3ZQ7,2,2025-03-30
102,B08HV83HL3,3,2025-03-30
103,B07Z51CGGH,1,2025-03-30
103,B07WKB69RS,3,2025-03-30
103,B09J2MM5C6,3,2025-03-30
103,B09MZ6WZ6V,1,2025-03-30
104,B07WHQWXL7,4,2025-03-30
104,B07NC12T2R,2,2025-03-30
104,B07SLNG3LW,5,2025-03-30
105,B07L3NDN24,5,2025-03-30
105,B014I8SX4Y,4,2025-03-30
105,B078JDNZJ8,2,2025-03-30
106,B09PNKXSKF,5,2025-03-30
106,B0B3XY5YT4,1,2025-03-30
106,B07WMS7TWB,2,2025-03-30
107,B0B9XLX8VR,4,2025-03-30
107,B09X5HD5T1,5,2025-03-30
107,B08TT63N58,1,2025-03-30
107,B0BHYJ8CVF,2,2025-03-30
107,B008QTK47Q,2,2025-03-30
108,B08Y7MXFMK,2,2025-03-30
108,B09Q5SWVBJ,3,2025-03-30
108,B07MDRGHWQ,4,2025-03-30
108,B0994GP1CX,2,2025-03-30
109,B087FXHB6J,4,2025-03-30
109,B09YDFKJF8,4,2025-03-30
109,B07HZ2QCGR,1,2025-03-30
109,B08Y5KXR6Z,5,2025-03-30
110,B09CMP1SC8,3,2025-03-30
110,B08MTCKDYN,4,2025-03-30
110,B07RY2X9MP,3,2025-03-30
110,B07GXHC691,3,2025-03-30
110,B08D9MNH4B,4,2025-03-30
111,B07WVQG8WZ,1,2025-03-30
111,B009P2LK80,2,2025-03-30
112,B07WJV6P1R,1,2025-03-30
112,B091JF2TFD,5,2025-03-30
112,B07222HQKP,5,2025-03-30
112,B08YDFX7Y1,1,2025-03-30
112,B09FPP3R1D,4,2025-03-30
113,B09YL9SN9B,2,2025-03-30
113,B081B1JL35,2,2025-03-30
113,B09Z6WH2N1,2,2025-03-30
113,B09L8DT7D6,1,2025-03-30
113,B09V2PZDX8,3,2025-03-30
114,B08G1RW2Q3,5,2025-03-30
114,B00S2SEV7K,5,2025-03-30
114,B00E3DVQFS,2,2025-03-30
114,B07WKB69RS,4,2025-03-30
114,B09PDZNSBG,1,2025-03-30
115,B0BNDD9TN6,1,2025-03-30
115,B09YV4MW2T,2,2025-03-30
115,B08B6XWQ1C,5,2025-03-30
115,B08MVXPTDG,4,2025-03-30
116,B01LYU3BZF,3,2025-03-30
116,B00YQLG7GK,4,2025-03-30
117,B07WKBD37W,2,2025-03-30
117,B00KIDSU8S,2,2025-03-30
117,B07DL1KC3H,5,2025-03-30
117,B0B4G2MWSB,5,2025-03-30
117,B09L8DT7D6,1,2025-03-30
118,B089BDBDGM,5,2025-03-30
118,B0B56YRBNT,2,2025-03-30
118,B08MZQBFLN,2,2025-03-30
118,B00EDJJ7FS,1,2025-03-30
118,B00LZLQ624,4,2025-03-30
119,B09P564ZTJ,2,2025-03-30
119,B09G5TSGXV,5,2025-03-30
119,B01M265AAK,3,2025-03-30
119,B0BNDD9TN6,2,2025-03-30
120,B08SCCG9D4,5,2025-03-30
120,B0814P4L98,4,2025-03-30
121,B0B7DHSKS7,5,2025-03-30
121,B09J4YQYX3,5,2025-03-30
122,B083RC4WFJ,3,2025-03-30
122,B07QZ3CZ48,1,2025-03-30
123,B07WGPKTS4,1,2025-03-30
123,B08TGG316Z,5,2025-03-30
123,B09QS9X16F,4,2025-03-30
123,B08RZ12GKR,4,2025-03-30
124,B0B1NX6JTN,2,2025-03-30
124,B0747VDH9L,3,2025-03-30
124,B0B3X2BY3M,4,2025-03-30
124,B09X79PP8F,5,2025-03-30
125,B07YY1BY5B,4,2025-03-30
125,B08R69WBN7,2,2025-03-30
126,B09PNR6F8Q,3,2025-03-30
126,B09SGGRKV8,4,2025-03-30
127,B09VKWGZD7,1,2025-03-30
127,B09JSW16QD,2,2025-03-30
127,B08C4Z69LN,1,2025-03-30
128,B01EZ0X3L8,4,2025-03-30
128,B08BJN4MP3,5,2025-03-30
128,B008P7IF02,1,2025-03-30
128,B087FXHB6J,4,2025-03-30
129,B0B3RSDSZ3,1,2025-03-30
129,B00K32PEW4,4,2025-03-30
130,B014I8SX4Y,1,2025-03-30
130,B0B4DT8MKT,5,2025-03-30
131,B00LY1FN1K,5,2025-03-30
131,B09N3ZNHTY,5,2025-03-30
131,B08WKCTFF3,4,2025-03-30
131,B09YDFDVNS,1,2025-03-30
131,B0949SBKMP,3,2025-03-30
132,B09Z6WH2N1,5,2025-03-30
132,B07PFJ5VQD,5,2025-03-30
132,B09NL7LBWT,1,2025-03-30
133,B08DDRGWTJ,1,2025-03-30
133,B09VKWGZD7,3,2025-03-30
133,B09FFK1PQG,1,2025-03-30
133,B077Z65HSD,2,2025-03-30
133,B08FTFXNNB,3,2025-03-30
134,B09T37CKQ5,3,2025-03-30
134,B09MY4W73Q,3,2025-03-30
134,B07F1T31ZZ,1,2025-03-30
135,B092JHPL72,5,2025-03-30
135,B008QTK47Q,3,2025-03-30
136,B071VNHMX2,5,2025-03-30
136,B083RC4WFJ,5,2025-03-30
136,B00NH12R1O,5,2025-03-30
137,B089WB69Y1,2,2025-03-30
137,B09L835C3V,3,2025-03-30
137,B08L879JSN,4,2025-03-30
137,B0974G5Q2Y,2,2025-03-30
137,B08DCVRW98,1,2025-03-30
138,B0B8CXTTG3,2,2025-03-30
138,B083T5G5PM,4,2025-03-30
138,B09MKG4ZCM,4,2025-03-30
139,B07VVXJ2P5,1,2025-03-30
139,B0B5LVS732,3,2025-03-30
140,B00B7GKXMG,1,2025-03-30
140,B082T6GVLJ,3,2025-03-30
140,B07MDRGHWQ,4,2025-03-30
140,B0BCKJJN8R,4,2025-03-30
140,B09M8888DM,1,2025-03-30
141,B09TBCVJS3,5,2025-03-30
141,B01M265AAK,4,2025-03-30
142,B08H9Z3XQW,3,2025-03-30
142,B09LMMFW3S,3,2025-03-30
143,B09QS9X16F,1,2025-03-30
143,B07B5XJ572,1,2025-03-30
143,B07W7Z6DVL,3,2025-03-30
144,B077Z65HSD,2,2025-03-30
144,B00H3H03Q4,5,2025-03-30
144,B07DJLFMPS,4,2025-03-30
144,B07RZZ1QSW,3,2025-03-30
145,B0949SBKMP,5,2025-03-30
145,B01HGCLUH6,4,2025-03-30
146,B00CEQEGPI,5,2025-03-30
146,B07WGPKMP5,2,2025-03-30
146,B07WGPKTS4,4,2025-03-30
146,B071113J7M,5,2025-03-30
147,B09MKG4ZCM,1,2025-03-30
147,B00RFWNJMC,3,2025-03-30
147,B00YQLG7GK,4,2025-03-30
147,B09W9V2PXG,5,2025-03-30
148,B0B2DD66GS,3,2025-03-30
148,B0B12K5BPM,4,2025-03-30
149,B0BQRJ3C47,5,2025-03-30
149,B07JPJJZ2H,4,2025-03-30
149,B09NVPJ3P4,3,2025-03-30
149,B0BDS8MY8J,5,2025-03-30
149,B078HG2ZPS,5,2025-03-30
150,B08D9MNH4B,5,2025-03-30
150,B0BNDD9TN6,5,2025-03-30
150,B07JB2Y4SR,4,2025-03-30
150,B00E3DVQFS,3,2025-03-30
151,B07VZYMQNZ,3,2025-03-30
151,B09MY4W73Q,2,2025-03-30
151,B08VJFYH6N,1,2025-03-30
151,B09GFLXVH9,5,2025-03-30
151,B09NHVCHS9,4,2025-03-30
152,B09H7JDJCW,3,2025-03-30
152,B095244Q22,4,2025-03-30
152,B09BL2KHQW,3,2025-03-30
152,B00V4BGDKU,5,2025-03-30
152,B07PLHTTB4,2,2025-03-30
153,B0B3RSDSZ3,2,2025-03-30
153,B08WRWPM22,1,2025-03-30
153,B084872DQY,1,2025-03-30
153,B09F6D21BY,3,2025-03-30
154,B09HS1NDRQ,1,2025-03-30
154,B09F5Z694W,5,2025-03-30
154,B09T2S8X9C,2,2025-03-30
154,B09P564ZTJ,4,2025-03-30
154,B00HZIOGXW,3,2025-03-30
155,B0B7FJNSZR,3,2025-03-30
155,B09CTWFV5W,5,2025-03-30
155,B0BM4KTNL1,3,2025-03-30
155,B07GMFY9QM,4,2025-03-30
156,B0B3X2BY3M,4,2025-03-30
156,B00LOD70SC,5,2025-03-30
156,B075ZTJ9XR,3,2025-03-30
156,B07WJV6P1R,1,2025-03-30
157,B07J9KXQCC,2,2025-03-30
157,B077Z65HSD,2,2025-03-30
157,B09BF8JBWX,1,2025-03-30
158,B09LJ116B5,5,2025-03-30
158,B0B935YNR7,3,2025-03-30
158,B09RWZRCP1,1,2025-03-30
158,B08CKW1KH9,3,2025-03-30
159,B014I8SX4Y,2,2025-03-30
159,B08Y1TFSP6,2,2025-03-30
159,B07T5DKR5D,2,2025-03-30
159,B082T6GVLJ,4,2025-03-30
160,B07Q4QV1DL,1,2025-03-30
160,B0BPBXNQQT,5,2025-03-30
161,B075K76YW1,3,2025-03-30
161,B07GLS2563,3,2025-03-30
162,B08KS2KQTK,5,2025-03-30
162,B09J4YQYX3,4,2025-03-30
162,B0B4KPCBSH,5,2025-03-30
162,B09LHYZ3GJ,4,2025-03-30
163,B01DGVKBC6,1,2025-03-30
163,B0B4F4QZ1H,5,2025-03-30
163,B01J8S6X2I,4,2025-03-30
164,B0B9BD2YL4,2,2025-03-30
164,B06XDKWLJH,4,2025-03-30
164,B0BQ3K23Y1,1,2025-03-30
164,B09CTRPSJR,4,2025-03-30
164,B09DSQXCM8,1,2025-03-30
165,B07JGDB5M1,3,2025-03-30
165,B0B7FJNSZR,5,2025-03-30
165,B0756K5DYZ,1,2025-03-30
166,B07222HQKP,1,2025-03-30
166,B09NL4DJ2Z,4,2025-03-30
167,B09YV575RK,3,2025-03-30
167,B0B97D658R,1,2025-03-30
167,B09BF8JBWX,1,2025-03-30
168,B08YDFX7Y1,5,2025-03-30
168,B08H6B3G96,5,2025-03-30
168,B08HV83HL3,1,2025-03-30
168,B094JNXNPV,4,2025-03-30
168,B07GPXXNNG,4,2025-03-30
169,B07RX14W1Q,1,2025-03-30
169,B008QTK47Q,1,2025-03-30
169,B01NCVJMKX,5,2025-03-30
169,B0B2RBP83P,1,2025-03-30
170,B0BK1K598K,3,2025-03-30
170,B07NCKMXVZ,1,2025-03-30
170,B07MP21WJD,2,2025-03-30
170,B08C4Z69LN,1,2025-03-30
170,B08WD18LJZ,2,2025-03-30
171,B0B5D39BCD,5,2025-03-30
171,B086Q3QMFS,5,2025-03-30
171,B071113J7M,5,2025-03-30
171,B0981XSZJ7,4,2025-03-30
172,B09Q5SWVBJ,5,2025-03-30
172,B00V4BGDKU,3,2025-03-30
173,B07NCKMXVZ,2,2025-03-30
173,B09YDFDVNS,5,2025-03-30
173,B00H3H03Q4,3,2025-03-30
173,B09NVPJ3P4,2,2025-03-30
173,B091JF2TFD,1,2025-03-30
174,B09YL9SN9B,4,2025-03-30
174,B07GVR9TG7,4,2025-03-30
174,B0BK1K598K,1,2025-03-30
175,B0B2931FCV,5,2025-03-30
175,B07W9KYT62,2,2025-03-30
176,B0B3CPQ5PF,4,2025-03-30
176,B0B19VJXQZ,2,2025-03-30
176,B07W4HTS8Q,2,2025-03-30
177,B008P7IF02,5,2025-03-30
177,B0BD92GDQH,3,2025-03-30
177,B08SJVD8QD,1,2025-03-30
177,B014HDJ7ZE,2,2025-03-30
177,B0B5KZ3C53,2,2025-03-30
178,B0B9XN9S3W,4,2025-03-30
178,B01I1LDZGA,4,2025-03-30
178,B095K14P86,4,2025-03-30
178,B0747VDH9L,1,2025-03-30
179,B0B3G5XZN5,5,2025-03-30
179,B07JB2Y4SR,1,2025-03-30
179,B0798PJPCL,5,2025-03-30
179,B07VJ9ZTXS,5,2025-03-30
179,B0088TKTY2,1,2025-03-30
180,B008QTK47Q,1,2025-03-30
180,B09LHYZ3GJ,5,2025-03-30
181,B08TTRVWKY,5,2025-03-30
181,B08DDRGWTJ,5,2025-03-30
182,B08VJFYH6N,2,2025-03-30
182,B09BL2KHQW,1,2025-03-30
183,B09TBCVJS3,2,2025-03-30
183,B07YSJ7FF1,1,2025-03-30
183,B095RTJH1M,1,2025-03-30
184,B00KIDSU8S,1,2025-03-30
184,B07PLHTTB4,3,2025-03-30
185,B09F5Z694W,5,2025-03-30
185,B08WRWPM22,5,2025-03-30
185,B07WKB69RS,2,2025-03-30
185,B078KRFWQB,4,2025-03-30
186,B08D11DZ2W,5,2025-03-30
186,B014SZPBM4,5,2025-03-30
186,B084BR3QX8,3,2025-03-30
186,B09LRZYBH1,1,2025-03-30
186,B07RZZ1QSW,5,2025-03-30
187,B08WRWPM22,4,2025-03-30
187,B09XB7SRQ5,1,2025-03-30
187,B00EDJJ7FS,4,2025-03-30
188,B07YL54NVJ,3,2025-03-30
188,B0756CLQWL,4,2025-03-30
189,B09Z28BQZT,4,2025-03-30
189,B01F25X6RQ,3,2025-03-30
189,B09P22HXH6,4,2025-03-30
190,B09Q8HMKZX,5,2025-03-30
190,B00CEQEGPI,3,2025-03-30
190,B0BM4KTNL1,2,2025-03-30
190,B0BHZCNC4P,4,2025-03-30
191,B09C6HWG18,1,2025-03-30
191,B0978V2CP6,1,2025-03-30
192,B0BMTZ4T1D,2,2025-03-30
192,B07DJLFMPS,4,2025-03-30
192,B07QZ3CZ48,5,2025-03-30
192,B09QS9X9L8,1,2025-03-30
192,B08B6XWQ1C,5,2025-03-30
193,B09PLFJ7ZW,3,2025-03-30
193,B01F25X6RQ,3,2025-03-30
193,B0B9LDCX89,3,2025-03-30
194,B004IO5BMQ,3,2025-03-30
194,B083GQGT3Z,4,2025-03-30
194,B00LOD70SC,2,2025-03-30
194,B07YL54NVJ,4,2025-03-30
195,B01M69WCZ6,4,2025-03-30
195,B09P22HXH6,4,2025-03-30
195,B07JGCGNDG,3,2025-03-30
195,B0B2CPVXHX,3,2025-03-30
195,B0B4F3QNDM,2,2025-03-30
196,B07GMFY9QM,4,2025-03-30
196,B0B54Y2SNX,5,2025-03-30
196,B07JPJJZ2H,1,2025-03-30
196,B0BNDGL26T,5,2025-03-30
197,B0747VDH9L,3,2025-03-30
197,B01MQ2A86A,4,2025-03-30
197,B01EZ0X3L8,2,2025-03-30
197,B0B2RBP83P,3,2025-03-30
197,B00BN5SNF0,1,2025-03-30
198,B0BNQMF152,3,2025-03-30
198,B0B5KZ3C53,1,2025-03-30
198,B08G28Z33M,3,2025-03-30
198,B09PLD9TCD,2,2025-03-30
199,B01FSYQ2A4,1,2025-03-30
199,B0BF563HB4,5,2025-03-30
199,B083M7WPZD,4,2025-03-30
199,B086GVRP63,4,2025-03-30
200,B0BDRVFDKP,2,2025-03-30
200,B09NVPJ3P4,4,2025-03-30
200,B09YLXYP7Y,5,2025-03-30
200,B08XMG618K,5,2025-03-30
200,B0B2CZTCL2,5,2025-03-30
201,B08DCVRW98,1,2025-03-30
201,B09Z28BQZT,1,2025-03-30
201,B0BL11S5QK,4,2025-03-30
201,B082T6GVLJ,2,2025-03-30
202,B07DC4RZPY,3,2025-03-30
202,B0BL11S5QK,4,2025-03-30
202,B00P93X6EK,5,2025-03-30
202,B09HS1NDRQ,4,2025-03-30
203,B0B4F3QNDM,3,2025-03-30
203,B0B5LVS732,3,2025-03-30
203,B07TCN5VR9,5,2025-03-30
204,B00OFM6PEO,5,2025-03-30
204,B0B4KPCBSH,4,2025-03-30
204,B08CFJBZRK,3,2025-03-30
204,B0B65MJ45G,1,2025-03-30
204,B00P93X2H6,3,2025-03-30
205,B0B6F8HHR6,1,2025-03-30
205,B08GJ57MKL,4,2025-03-30
205,B0BK1K598K,4,2025-03-30
205,B09YHLPQYT,2,2025-03-30
206,B0994GP1CX,3,2025-03-30
206,B012MQS060,4,2025-03-30
206,B0BJ966M5K,2,2025-03-30
206,B09TBCVJS3,2,2025-03-30
207,B09NL4DJ2Z,3,2025-03-30
207,B08WRBG3XW,1,2025-03-30
208,B08LT9BMPP,1,2025-03-30
208,B09PNKXSKF,5,2025-03-30
208,B09PDZNSBG,1,2025-03-30
209,B09HV71RL1,4,2025-03-30
209,B0BJ966M5K,1,2025-03-30
209,B0BQRJ3C47,1,2025-03-30
209,B01HGCLUH6,5,2025-03-30
209,B0B3RS9DNF,3,2025-03-30
210,B0B3G5XZN5,3,2025-03-30
210,B07DL1KC3H,1,2025-03-30
210,B0162LYSFS,1,2025-03-30
210,B07YY1BY5B,1,2025-03-30
210,B07JGDB5M1,5,2025-03-30
211,B08QHLXWV3,5,2025-03-30
211,B08FD2VSD9,3,2025-03-30
211,B0B4KPCBSH,4,2025-03-30
211,B00YQLG7GK,4,2025-03-30
212,B07GVR9TG7,4,2025-03-30
212,B09H3BXWTK,3,2025-03-30
212,B08XMSKKMM,2,2025-03-30
212,B0B5KZ3C53,5,2025-03-30
213,B086GVRP63,4,2025-03-30
213,B0117H7GZ6,1,2025-03-30
214,B0BDS8MY8J,5,2025-03-30
214,B078JBK4GX,3,2025-03-30
214,B09VPH38JS,1,2025-03-30
215,B08FGNPQ9X,2,2025-03-30
215,B083GQGT3Z,2,2025-03-30
215,B077T3BG5L,3,2025-03-30
216,B0BNQMF152,2,2025-03-30
216,B00935MD1C,4,2025-03-30
216,B09V2PZDX8,3,2025-03-30
217,B0B2931FCV,1,2025-03-30
217,B075JJ5NQC,3,2025-03-30
217,B008FWZGSG,1,2025-03-30
218,B086PXQ2R4,3,2025-03-30
218,B0BF563HB4,5,2025-03-30
218,B08C4Z69LN,4,2025-03-30
219,B07L3NDN24,1,2025-03-30
219,B08FD2VSD9,4,2025-03-30
219,B083RC4WFJ,4,2025-03-30
219,B00RFWNJMC,4,2025-03-30
220,B07V82W5CN,4,2025-03-30
220,B07VZYMQNZ,1,2025-03-30
221,B01KCSGBU2,1,2025-03-30
221,B07ZR4S1G4,2,2025-03-30
222,B0BP7XLX48,1,2025-03-30
222,B091JF2TFD,5,2025-03-30
222,B07BKSSDR2,1,2025-03-30
222,B082T6GVLJ,2,2025-03-30
222,B077T3BG5L,2,2025-03-30
223,B07SY4C3TD,4,2025-03-30
223,B0B2CPVXHX,5,2025-03-30
224,B07WDK3ZS6,3,2025-03-30
224,B071VNHMX2,2,2025-03-30
225,B0B3RHX6B6,5,2025-03-30
225,B09SJ1FTYV,5,2025-03-30
226,B09F3PDDRF,1,2025-03-30
226,B07CD2BN46,5,2025-03-30
226,B09P22HXH6,5,2025-03-30
226,B00B3VFJY2,4,2025-03-30
227,B0BL3R4RGS,5,2025-03-30
227,B097R3XH9R,2,2025-03-30
227,B01DEWVZ2C,1,2025-03-30
227,B01IBRHE3E,2,2025-03-30
228,B0B8ZM9RVV,3,2025-03-30
228,B07CD2BN46,4,2025-03-30
228,B08WRKSF9D,3,2025-03-30
228,B082T6GVLJ,3,2025-03-30
228,B07NC12T2R,3,2025-03-30
229,B0B3X2BY3M,4,2025-03-30
229,B07CD2BN46,4,2025-03-30
229,B09RWZRCP1,4,2025-03-30
229,B0B2CPVXHX,1,2025-03-30
230,B08CFCK6CW,5,2025-03-30
230,B014SZPBM4,5,2025-03-30
230,B00LOD70SC,1,2025-03-30
231,B07GXHC691,5,2025-03-30
231,B09MY4W73Q,5,2025-03-30
231,B08G28Z33M,4,2025-03-30
231,B097XJQZ8H,1,2025-03-30
232,B095244Q22,5,2025-03-30
232,B07ZR4S1G4,5,2025-03-30
232,B01I1LDZGA,1,2025-03-30
232,B09YV42QHZ,3,2025-03-30
233,B01I1LDZGA,4,2025-03-30
233,B0BDYW3RN3,3,2025-03-30
233,B095RTJH1M,5,2025-03-30
233,B01DGVKBC6,5,2025-03-30
233,B00URH5E34,1,2025-03-30
234,B0BK1K598K,2,2025-03-30
234,B08CYPB15D,4,2025-03-30
234,B0B2C5MJN6,5,2025-03-30
235,B08HLC7Z3G,5,2025-03-30
235,B09JN37WBX,4,2025-03-30
235,B0BNLFQDG2,1,2025-03-30
235,B01IBRHE3E,4,2025-03-30
236,B09PDZNSBG,2,2025-03-30
236,B09LRZYBH1,4,2025-03-30
237,B0B12K5BPM,4,2025-03-30
237,B09CTWFV5W,1,2025-03-30
237,B08WRWPM22,5,2025-03-30
237,B0BL3R4RGS,3,2025-03-30
238,B07LG96SDB,2,2025-03-30
238,B0832W3B7Q,3,2025-03-30
238,B004IO5BMQ,4,2025-03-30
238,B08Y5KXR6Z,5,2025-03-30
239,B08BQ947H3,3,2025-03-30
239,B09H3BXWTK,2,2025-03-30
239,B09YDFKJF8,4,2025-03-30
240,B08CHZ3ZQ7,1,2025-03-30
240,B08KS2KQTK,2,2025-03-30
240,B00LOD70SC,4,2025-03-30
240,B0B3RHX6B6,3,2025-03-30
241,B0B1YY6JJL,1,2025-03-30
241,B0BNDGL26T,2,2025-03-30
242,B08RZ12GKR,5,2025-03-30
242,B08VF8V79P,3,2025-03-30
242,B00B3VFJY2,4,2025-03-30
243,B00E9G8KOY,3,2025-03-30
243,B07YL54NVJ,5,2025-03-30
244,B09SFRNKSR,4,2025-03-30
244,B0B97D658R,2,2025-03-30
244,B09F5Z694W,4,2025-03-30
245,B0746JGVDS,3,2025-03-30
245,B07L8KNP5F,1,2025-03-30
245,B08WRWPM22,5,2025-03-30
245,B0B3CPQ5PF,1,2025-03-30
246,B00KRCBA6E,4,2025-03-30
246,B0B694PXQJ,5,2025-03-30
246,B07VJ9ZTXS,5,2025-03-30
246,B09T3KB6JZ,2,2025-03-30
247,B09PLFJ7ZW,5,2025-03-30
247,B08V9C4B1J,5,2025-03-30
247,B0756CLQWL,1,2025-03-30
248,B00LM4X3XE,5,2025-03-30
248,B09XB7DPW1,2,2025-03-30
248,B09Z6WH2N1,5,2025-03-30
248,B09FHHTL8L,3,2025-03-30
248,B0BN6M3TCM,3,2025-03-30
249,B0BDYW3RN3,1,2025-03-30
249,B09NBZ36F7,4,2025-03-30
249,B082LZGK39,5,2025-03-30
249,B07GLS2563,2,2025-03-30
250,B078JBK4GX,4,2025-03-30
250,B08SCCG9D4,4,2025-03-30
251,B07W9KYT62,3,2025-03-30
251,B092BL5DCX,3,2025-03-30
251,B08YDFX7Y1,4,2025-03-30
251,B09LHYZ3GJ,1,2025-03-30
252,B08KHM9VBJ,3,2025-03-30
252,B09XXZXQC1,4,2025-03-30
253,B07DL1KC3H,3,2025-03-30
253,B07T5DKR5D,5,2025-03-30
253,B008QTK47Q,2,2025-03-30
253,B09JN37WBX,4,2025-03-30
253,B0BDYW3RN3,5,2025-03-30
254,B08XMSKKMM,5,2025-03-30
254,B00E9G8KOY,2,2025-03-30
254,B01J8S6X2I,1,2025-03-30
254,B08JD36C6H,4,2025-03-30
254,B08CF3B7N1,5,2025-03-30
255,B0B3X2BY3M,4,2025-03-30
255,B08QSC1XY8,2,2025-03-30
256,B088GXTJM3,1,2025-03-30
256,B084MZYBTV,1,2025-03-30
257,B09NY6TRXG,3,2025-03-30
257,B075JJ5NQC,2,2025-03-30
257,B09G5TSGXV,1,2025-03-30
258,B09Q5SWVBJ,5,2025-03-30
258,B0B4F2ZWL3,4,2025-03-30
258,B00HZIOGXW,4,2025-03-30
258,B08JD36C6H,1,2025-03-30
258,B07924P3C5,3,2025-03-30
259,B07RY2X9MP,4,2025-03-30
259,B0747VDH9L,4,2025-03-30
259,B0B5LVS732,1,2025-03-30
259,B075ZTJ9XR,5,2025-03-30
260,B09PNKXSKF,1,2025-03-30
260,B08L5HMJVW,3,2025-03-30
260,B08WD18LJZ,2,2025-03-30
260,B00A328ENA,5,2025-03-30
260,B09FFK1PQG,5,2025-03-30
261,B07WMS7TWB,5,2025-03-30
261,B0BNQMF152,4,2025-03-30
261,B0974H97TJ,3,2025-03-30
261,B00MUTWLW4,2,2025-03-30
261,B07PFJ5VQD,1,2025-03-30
262,B0B19VJXQZ,4,2025-03-30
262,B075S9FVRY,4,2025-03-30
263,B09T2S8X9C,1,2025-03-30
263,B097JVLW3L,2,2025-03-30
264,B07YFWVRCM,1,2025-03-30
264,B0B2CWRDB1,5,2025-03-30
265,B07JGDB5M1,5,2025-03-30
265,B08HV83HL3,2,2025-03-30
265,B0BF54LXW6,2,2025-03-30
266,B092BL5DCX,4,2025-03-30
266,B09474JWN6,4,2025-03-30
266,B0989W6J2F,3,2025-03-30
267,B07GVR9TG7,3,2025-03-30
267,B07WHS7MZ1,3,2025-03-30
268,B09T2S8X9C,3,2025-03-30
268,B09T3H12GV,4,2025-03-30
268,B07DL1KC3H,5,2025-03-30
269,B0B3CPQ5PF,1,2025-03-30
269,B07TXCY3YK,2,2025-03-30
269,B0BJ6P3LSK,1,2025-03-30
269,B09YV4MW2T,3,2025-03-30
269,B08KHM9VBJ,4,2025-03-30
270,B07WKB69RS,3,2025-03-30
270,B08YK7BBD2,4,2025-03-30
270,B0B3CPQ5PF,5,2025-03-30
271,B08JD36C6H,4,2025-03-30
271,B097R2V1W8,5,2025-03-30
271,B09FHHTL8L,5,2025-03-30
272,B09Y14JLP3,5,2025-03-30
272,B09MM6P76N,5,2025-03-30
273,B08WD18LJZ,2,2025-03-30
273,B09NL7LBWT,3,2025-03-30
273,B07KSMBL2H,1,2025-03-30
274,B0B4F2ZWL3,2,2025-03-30
274,B078HG2ZPS,3,2025-03-30
275,B09HN7LD5L,1,2025-03-30
275,B09PNKXSKF,3,2025-03-30
275,B0746JGVDS,1,2025-03-30
275,B0B97D658R,3,2025-03-30
276,B07SLNG3LW,5,2025-03-30
276,B07SPVMSC6,3,2025-03-30
276,B09C6HWG18,5,2025-03-30
276,B07NPBG1B4,2,2025-03-30
277,B0BHNHMR3H,1,2025-03-30
277,B08CFJBZRK,3,2025-03-30
277,B08DDRGWTJ,4,2025-03-30
278,B00KIDSU8S,5,2025-03-30
278,B0BMZ6SY89,2,2025-03-30
278,B09C6HXFC1,3,2025-03-30
279,B0B9XN9S3W,4,2025-03-30
279,B07NCKMXVZ,2,2025-03-30
280,B079S811J3,3,2025-03-30
280,B078JDNZJ8,5,2025-03-30
281,B09FFK1PQG,5,2025-03-30
281,B08WD18LJZ,5,2025-03-30
281,B0B7FJNSZR,3,2025-03-30
282,B0BDRVFDKP,4,2025-03-30
282,B07Y9PY6Y1,5,2025-03-30
282,B00SH18114,3,2025-03-30
282,B07JF9B592,1,2025-03-30
282,B097R4D42G,4,2025-03-30
283,B0B61GCHC1,4,2025-03-30
283,B08V9C4B1J,3,2025-03-30
284,B07DGD4Z4C,5,2025-03-30
284,B07YFWVRCM,3,2025-03-30
284,B075JJ5NQC,3,2025-03-30
284,B08WRKSF9D,4,2025-03-30
285,B0856HY85J,5,2025-03-30
285,B09MM6P76N,5,2025-03-30
285,B07WHQWXL7,2,2025-03-30
285,B07WJWRNVK,3,2025-03-30
